name,polynomial,coefficients_low_to_high,d,type,growth,exponent,kappa,hits_known,hit_list_scope,certification,reproduce
square_polynomial_n2,n ^ 2,0 0 1,2,power,N,1,,,"infinite (see growth, kappa)",PROVED_STRUCTURAL,"PYTHONPATH=python python3 -m perfectpower classify --coeff 0,0,1 --d 2"
twisted_power_2n2,(2) * n ^ 2,0 0 2,2,power,bounded,0,,,complete,PROVED_STRUCTURAL,"PYTHONPATH=python python3 -m perfectpower classify --coeff 0,0,2 --d 2"
grunwald_wang_16n8,(16) * n ^ 8,0 0 0 0 0 0 0 0 16,8,power,bounded,0,,,complete,PROVED_STRUCTURAL,"PYTHONPATH=python python3 -m perfectpower classify --coeff 0,0,0,0,0,0,0,0,16 --d 8"
linear_4n_plus_1,(1) + (4) * n,1 4,2,radical,N^(1/2),1/2,1.0,,"infinite (see growth, kappa)",PROVED_STRUCTURAL,"PYTHONPATH=python python3 -m perfectpower classify --coeff 1,4 --d 2"
linear_2n_minus_5,(-5) + (2) * n,-5 2,2,radical,N^(1/2),1/2,0.707106781187,,"infinite (see growth, kappa)",PROVED_STRUCTURAL,"PYTHONPATH=python python3 -m perfectpower classify --coeff -5,2 --d 2"
linear_3n_plus_2_d6,(2) + (3) * n,2 3,6,radical,bounded,0,0.0,,complete,PROVED_STRUCTURAL,"PYTHONPATH=python python3 -m perfectpower classify --coeff 2,3 --d 6"
singular_cubic_n3,n ^ 3,0 0 0 1,2,radical,N^(1/2),1/2,1.0,,"infinite (see growth, kappa)",PROVED_STRUCTURAL,"PYTHONPATH=python python3 -m perfectpower classify --coeff 0,0,0,1 --d 2"
cube_twist_5_plus_3n,(5) + (3) * n,5 3,3,radical,N^(1/3),1/3,0.480749856769,,"infinite (see growth, kappa)",PROVED_STRUCTURAL,"PYTHONPATH=python python3 -m perfectpower classify --coeff 5,3 --d 3"
radical_12n2_d3,(12) * n ^ 2,0 0 12,3,radical,N^(1/3),1/3,0.436790232368,,"infinite (see growth, kappa)",PROVED_STRUCTURAL,"PYTHONPATH=python python3 -m perfectpower classify --coeff 0,0,12 --d 3"
radical_n3_times_square,n ^ 3 + (2) * n ^ 4 + n ^ 5,0 0 0 1 2 1,2,radical,N^(1/2),1/2,1.0,,"infinite (see growth, kappa)",PROVED_STRUCTURAL,"PYTHONPATH=python python3 -m perfectpower classify --coeff 0,0,0,1,2,1 --d 2"
monomial_n4_d6,n ^ 4,0 0 0 0 1,6,radical,N^(1/3),1/3,1.0,,"infinite (see growth, kappa)",PROVED_STRUCTURAL,"PYTHONPATH=python python3 -m perfectpower classify --coeff 0,0,0,0,1 --d 6"
pell_2n2_plus_1,(1) + (2) * n ^ 2,1 0 2,2,pell,log N,0,0.567296328553,,"infinite (see growth, kappa)",PROVED_STRUCTURAL,"PYTHONPATH=python python3 -m perfectpower classify --coeff 1,0,2 --d 2"
pell_3n2_plus_1,(1) + (3) * n ^ 2,1 0 3,2,pell,log N,0,0.7593257175,,"infinite (see growth, kappa)",PROVED_STRUCTURAL,"PYTHONPATH=python python3 -m perfectpower classify --coeff 1,0,3 --d 2"
pell_2n2_minus_7,(-7) + (2) * n ^ 2,-7 0 2,2,pell,log N,0,1.134592657107,,"infinite (see growth, kappa)",PROVED_STRUCTURAL,"PYTHONPATH=python python3 -m perfectpower classify --coeff -7,0,2 --d 2"
pell_5n2_plus_n_plus_3,(3) + n + (5) * n ^ 2,3 1 5,2,pell,log N,0,0.346347820206,,"infinite (see growth, kappa)",PROVED_STRUCTURAL,"PYTHONPATH=python python3 -m perfectpower classify --coeff 3,1,5 --d 2"
pell_2n2_plus_n,n + (2) * n ^ 2,0 1 2,2,pell,log N,0,0.283648164277,,"infinite (see growth, kappa)",PROVED_STRUCTURAL,"PYTHONPATH=python python3 -m perfectpower classify --coeff 0,1,2 --d 2"
pell_quartic_(2n2+1)^2_d4,(1) + (4) * n ^ 2 + (4) * n ^ 4,1 0 4 0 4,4,pell,log N,0,0.567296328553,,"infinite (see growth, kappa)",PROVED_STRUCTURAL,"PYTHONPATH=python python3 -m perfectpower classify --coeff 1,0,4,0,4 --d 4"
elliptic_n3_plus_1,(1) + n ^ 3,1 0 0 1,2,finite,bounded,0,,2,complete (independent computation),INDEPENDENT_COMPUTATION,"PYTHONPATH=python python3 -m perfectpower classify --coeff 1,0,0,1 --d 2"
elliptic_n3_minus_2n_plus_1,(1) + (-2) * n + n ^ 3,1 -2 0 1,2,finite,bounded,0,,1,complete (independent computation),INDEPENDENT_COMPUTATION,"PYTHONPATH=python python3 -m perfectpower classify --coeff 1,-2,0,1 --d 2"
elliptic_n3_plus_n_plus_4,(4) + n + n ^ 3,4 1 0 1,2,finite,bounded,0,,4128,complete (independent computation),INDEPENDENT_COMPUTATION,"PYTHONPATH=python python3 -m perfectpower classify --coeff 4,1,0,1 --d 2"
rigid_quartic_n4_plus_1,(1) + n ^ 4,1 0 0 0 1,2,finite,bounded,0,,,complete,LEAN_CERTIFIED,"PYTHONPATH=python python3 -m perfectpower classify --coeff 1,0,0,0,1 --d 2"
rigid_n2_plus_n,n + n ^ 2,0 1 1,2,pell,bounded,0,0.0,,complete,PROVED_STRUCTURAL,"PYTHONPATH=python python3 -m perfectpower classify --coeff 0,1,1 --d 2"
ljunggren_1_plus_n_to_n4,(1) + n + n ^ 2 + n ^ 3 + n ^ 4,1 1 1 1 1,2,finite,bounded,0,,3,complete,LEAN_CERTIFIED,"PYTHONPATH=python python3 -m perfectpower classify --coeff 1,1,1,1,1 --d 2"
n4_plus_1_sixth_power,(1) + n ^ 4,1 0 0 0 1,6,finite,bounded,0,,,complete,COMPLETE_HIT_LIST,"PYTHONPATH=python python3 -m perfectpower classify --coeff 1,0,0,0,1 --d 6"
triangular_n(n+1)/2_square,(2) * n + (2) * n ^ 2,0 2 2,2,pell,log N,0,0.567296328553,,"infinite (see growth, kappa)",PROVED_STRUCTURAL,"PYTHONPATH=python python3 -m perfectpower classify --coeff 0,2,2 --d 2"
binomial_n_choose_3_square,(12) * n + (-18) * n ^ 2 + (6) * n ^ 3,0 12 -18 6,2,finite,bounded,0,,1 2 3 4 50,complete,LEAN_REDUCTION_PLUS_INDEPENDENT_POINTS,"PYTHONPATH=python python3 -m perfectpower classify --coeff 0,12,-18,6 --d 2"
binomial_n_choose_2_cube,(-4) * n + (4) * n ^ 2,0 -4 4,3,finite,bounded,0,,1 2,complete,LEAN_REDUCTION_PLUS_INDEPENDENT_POINTS,"PYTHONPATH=python python3 -m perfectpower classify --coeff 0,-4,4 --d 3"
genus1_n3_plus_2n2_minus_3n_minus_1,(-1) + (-3) * n + (2) * n ^ 2 + n ^ 3,-1 -3 2 1,2,finite,bounded,0,,2 47882,complete (independent computation),INDEPENDENT_COMPUTATION,"PYTHONPATH=python python3 -m perfectpower classify --coeff -1,-3,2,1 --d 2"
genus1_cube_6n2_minus_7n_minus_6,(-6) + (-7) * n + (6) * n ^ 2,-6 -7 6,3,finite,bounded,0,,3 22 12017947,complete (independent computation),INDEPENDENT_COMPUTATION,"PYTHONPATH=python python3 -m perfectpower classify --coeff -6,-7,6 --d 3"
genus1_cube_6n2_plus_n_plus_1,(1) + n + (6) * n ^ 2,1 1 6,3,finite,bounded,0,,1 2 153 6196204,complete (independent computation),INDEPENDENT_COMPUTATION,"PYTHONPATH=python python3 -m perfectpower classify --coeff 1,1,6 --d 3"
genus1_cube_n2_plus_n_plus_1,(1) + n + n ^ 2,1 1 1,3,finite,bounded,0,,18,complete (independent computation),INDEPENDENT_COMPUTATION,"PYTHONPATH=python python3 -m perfectpower classify --coeff 1,1,1 --d 3"
genus2_n5_plus_2,(2) + n ^ 5,2 0 0 0 0 1,2,finite,bounded,0,,,n <= 1e8 only (exact sieve),SCAN_EVIDENCE_ONLY,"PYTHONPATH=python python3 -m perfectpower classify --coeff 2,0,0,0,0,1 --d 2"
genus2_n6_plus_n_plus_1,(1) + n + n ^ 6,1 1 0 0 0 0 1,2,finite,bounded,0,,,complete,COMPLETE_HIT_LIST,"PYTHONPATH=python python3 -m perfectpower classify --coeff 1,1,0,0,0,0,1 --d 2"
genus3_cube_n4_plus_n_plus_1,(1) + n + n ^ 4,1 1 0 0 1,3,finite,bounded,0,,,n <= 1e8 only (exact sieve),SCAN_EVIDENCE_ONLY,"PYTHONPATH=python python3 -m perfectpower classify --coeff 1,1,0,0,1 --d 3"
consecutive_product_4_d2,(6) * n + (11) * n ^ 2 + (6) * n ^ 3 + n ^ 4,0 6 11 6 1,2,finite,bounded,0,,,complete,LEAN_CERTIFIED,"PYTHONPATH=python python3 -m perfectpower classify --coeff 0,6,11,6,1 --d 2"
consecutive_product_4_d4,(6) * n + (11) * n ^ 2 + (6) * n ^ 3 + n ^ 4,0 6 11 6 1,4,finite,bounded,0,,,complete,LEAN_CERTIFIED,"PYTHONPATH=python python3 -m perfectpower classify --coeff 0,6,11,6,1 --d 4"
consecutive_product_6_d2,(120) * n + (274) * n ^ 2 + (225) * n ^ 3 + (85) * n ^ 4 + (15) * n ^ 5 + n ^ 6,0 120 274 225 85 15 1,2,finite,bounded,0,,,complete,LEAN_CERTIFIED,"PYTHONPATH=python python3 -m perfectpower classify --coeff 0,120,274,225,85,15,1 --d 2"
consecutive_product_6_d3,(120) * n + (274) * n ^ 2 + (225) * n ^ 3 + (85) * n ^ 4 + (15) * n ^ 5 + n ^ 6,0 120 274 225 85 15 1,3,finite,bounded,0,,,complete,LEAN_CERTIFIED,"PYTHONPATH=python python3 -m perfectpower classify --coeff 0,120,274,225,85,15,1 --d 3"
consecutive_product_6_d6,(120) * n + (274) * n ^ 2 + (225) * n ^ 3 + (85) * n ^ 4 + (15) * n ^ 5 + n ^ 6,0 120 274 225 85 15 1,6,finite,bounded,0,,,complete,LEAN_CERTIFIED,"PYTHONPATH=python python3 -m perfectpower classify --coeff 0,120,274,225,85,15,1 --d 6"
consecutive_product_8_d2,(5040) * n + (13068) * n ^ 2 + (13132) * n ^ 3 + (6769) * n ^ 4 + (1960) * n ^ 5 + (322) * n ^ 6 + (28) * n ^ 7 + n ^ 8,0 5040 13068 13132 6769 1960 322 28 1,2,finite,bounded,0,,,complete,LEAN_CERTIFIED,"PYTHONPATH=python python3 -m perfectpower classify --coeff 0,5040,13068,13132,6769,1960,322,28,1 --d 2"
consecutive_product_8_d4,(5040) * n + (13068) * n ^ 2 + (13132) * n ^ 3 + (6769) * n ^ 4 + (1960) * n ^ 5 + (322) * n ^ 6 + (28) * n ^ 7 + n ^ 8,0 5040 13068 13132 6769 1960 322 28 1,4,finite,bounded,0,,,complete,LEAN_CERTIFIED,"PYTHONPATH=python python3 -m perfectpower classify --coeff 0,5040,13068,13132,6769,1960,322,28,1 --d 4"
consecutive_product_8_d8,(5040) * n + (13068) * n ^ 2 + (13132) * n ^ 3 + (6769) * n ^ 4 + (1960) * n ^ 5 + (322) * n ^ 6 + (28) * n ^ 7 + n ^ 8,0 5040 13068 13132 6769 1960 322 28 1,8,finite,bounded,0,,,complete,LEAN_CERTIFIED,"PYTHONPATH=python python3 -m perfectpower classify --coeff 0,5040,13068,13132,6769,1960,322,28,1 --d 8"
consecutive_product_10_d2,(362880) * n + (1026576) * n ^ 2 + (1172700) * n ^ 3 + (723680) * n ^ 4 + (269325) * n ^ 5 + (63273) * n ^ 6 + (9450) * n ^ 7 + (870) * n ^ 8 + (45) * n ^ 9 + n ^ 10,0 362880 1026576 1172700 723680 269325 63273 9450 870 45 1,2,finite,bounded,0,,,complete,LEAN_CERTIFIED,"PYTHONPATH=python python3 -m perfectpower classify --coeff 0,362880,1026576,1172700,723680,269325,63273,9450,870,45,1 --d 2"
consecutive_product_10_d5,(362880) * n + (1026576) * n ^ 2 + (1172700) * n ^ 3 + (723680) * n ^ 4 + (269325) * n ^ 5 + (63273) * n ^ 6 + (9450) * n ^ 7 + (870) * n ^ 8 + (45) * n ^ 9 + n ^ 10,0 362880 1026576 1172700 723680 269325 63273 9450 870 45 1,5,finite,bounded,0,,,complete,LEAN_CERTIFIED,"PYTHONPATH=python python3 -m perfectpower classify --coeff 0,362880,1026576,1172700,723680,269325,63273,9450,870,45,1 --d 5"
consecutive_product_12_d2,(39916800) * n + (120543840) * n ^ 2 + (150917976) * n ^ 3 + (105258076) * n ^ 4 + (45995730) * n ^ 5 + (13339535) * n ^ 6 + (2637558) * n ^ 7 + (357423) * n ^ 8 + (32670) * n ^ 9 + (1925) * n ^ 10 + (66) * n ^ 11 + n ^ 12,0 39916800 120543840 150917976 105258076 45995730 13339535 2637558 357423 32670 1925 66 1,2,finite,bounded,0,,,complete,LEAN_CERTIFIED,"PYTHONPATH=python python3 -m perfectpower classify --coeff 0,39916800,120543840,150917976,105258076,45995730,13339535,2637558,357423,32670,1925,66,1 --d 2"
consecutive_product_12_d3,(39916800) * n + (120543840) * n ^ 2 + (150917976) * n ^ 3 + (105258076) * n ^ 4 + (45995730) * n ^ 5 + (13339535) * n ^ 6 + (2637558) * n ^ 7 + (357423) * n ^ 8 + (32670) * n ^ 9 + (1925) * n ^ 10 + (66) * n ^ 11 + n ^ 12,0 39916800 120543840 150917976 105258076 45995730 13339535 2637558 357423 32670 1925 66 1,3,finite,bounded,0,,,complete,LEAN_CERTIFIED,"PYTHONPATH=python python3 -m perfectpower classify --coeff 0,39916800,120543840,150917976,105258076,45995730,13339535,2637558,357423,32670,1925,66,1 --d 3"
consecutive_product_12_d4,(39916800) * n + (120543840) * n ^ 2 + (150917976) * n ^ 3 + (105258076) * n ^ 4 + (45995730) * n ^ 5 + (13339535) * n ^ 6 + (2637558) * n ^ 7 + (357423) * n ^ 8 + (32670) * n ^ 9 + (1925) * n ^ 10 + (66) * n ^ 11 + n ^ 12,0 39916800 120543840 150917976 105258076 45995730 13339535 2637558 357423 32670 1925 66 1,4,finite,bounded,0,,,complete,LEAN_CERTIFIED,"PYTHONPATH=python python3 -m perfectpower classify --coeff 0,39916800,120543840,150917976,105258076,45995730,13339535,2637558,357423,32670,1925,66,1 --d 4"
consecutive_product_12_d6,(39916800) * n + (120543840) * n ^ 2 + (150917976) * n ^ 3 + (105258076) * n ^ 4 + (45995730) * n ^ 5 + (13339535) * n ^ 6 + (2637558) * n ^ 7 + (357423) * n ^ 8 + (32670) * n ^ 9 + (1925) * n ^ 10 + (66) * n ^ 11 + n ^ 12,0 39916800 120543840 150917976 105258076 45995730 13339535 2637558 357423 32670 1925 66 1,6,finite,bounded,0,,,complete,LEAN_CERTIFIED,"PYTHONPATH=python python3 -m perfectpower classify --coeff 0,39916800,120543840,150917976,105258076,45995730,13339535,2637558,357423,32670,1925,66,1 --d 6"
