k,rank,rank_method,torsion,n_points_up_to_sign,x_coordinates,max_x,max_hall_ratio,scan_agrees_up_to_1e5,certification
-50,1,mwrank,1,0,,,,True,certified_by_independent_computation
-49,1,mwrank,1,1,65,65,0.164536,True,certified_by_independent_computation
-48,1,mwrank,1,2,4 28,28,0.110240,True,certified_by_independent_computation
-47,2,mwrank,1,3,6 12 63,63,0.168878,True,certified_by_independent_computation
-46,0,mwrank,1,0,,,,True,certified_by_independent_computation
-45,1,mwrank,1,1,21,21,0.101835,True,certified_by_independent_computation
-44,1,mwrank,1,1,5,5,0.050820,True,certified_by_independent_computation
-43,1,mwrank,1,0,,,,True,certified_by_independent_computation
-42,0,mwrank,1,0,,,,True,certified_by_independent_computation
-41,0,mwrank,1,0,,,,True,certified_by_independent_computation
-40,1,mwrank,1,1,14,14,0.093541,True,certified_by_independent_computation
-39,2,mwrank,1,3,4 10 22,22,0.120267,True,certified_by_independent_computation
-38,1,mwrank,1,0,,,,True,certified_by_independent_computation
-37,0,mwrank,1,0,,,,True,certified_by_independent_computation
-36,0,mwrank,1,0,,,,True,certified_by_independent_computation
-35,1,mwrank,1,1,11,11,0.094761,True,certified_by_independent_computation
-34,0,mwrank,1,0,,,,True,certified_by_independent_computation
-33,0,mwrank,1,0,,,,True,certified_by_independent_computation
-32,0,mwrank,1,0,,,,True,certified_by_independent_computation
-31,0,mwrank,1,0,,,,True,certified_by_independent_computation
-30,1,mwrank,1,0,,,,True,certified_by_independent_computation
-29,1,mwrank,1,0,,,,True,certified_by_independent_computation
-28,1,mwrank,1,3,4 8 37,37,0.217242,True,certified_by_independent_computation
-27,0,mwrank,2,1,3,3,0.064150,True,certified_by_independent_computation
-26,2,mwrank,1,2,3 35,35,0.227542,True,certified_by_independent_computation
-25,1,mwrank,1,1,5,5,0.089443,True,certified_by_independent_computation
-24,0,mwrank,1,0,,,,True,certified_by_independent_computation
-23,1,mwrank,1,1,3,3,0.075307,True,certified_by_independent_computation
-22,1,mwrank,1,0,,,,True,certified_by_independent_computation
-21,1,mwrank,1,0,,,,True,certified_by_independent_computation
-20,1,mwrank,1,1,6,6,0.122474,True,certified_by_independent_computation
-19,1,mwrank,1,1,7,7,0.139250,True,certified_by_independent_computation
-18,1,mwrank,1,1,3,3,0.096225,True,certified_by_independent_computation
-17,0,mwrank,1,0,,,,True,certified_by_independent_computation
-16,0,mwrank,1,0,,,,True,certified_by_independent_computation
-15,1,mwrank,1,1,4,4,0.133333,True,certified_by_independent_computation
-14,0,mwrank,1,0,,,,True,certified_by_independent_computation
-13,1,mwrank,1,1,17,17,0.317162,True,certified_by_independent_computation
-12,0,mwrank,1,0,,,,True,certified_by_independent_computation
-11,2,mwrank,1,2,3 15,15,0.352089,True,certified_by_independent_computation
-10,0,mwrank,1,0,,,,True,certified_by_independent_computation
-9,0,mwrank,1,0,,,,True,certified_by_independent_computation
-8,0,mwrank,2,1,2,2,0.176777,True,certified_by_independent_computation
-7,1,mwrank,1,2,2 32,32,0.808122,True,certified_by_independent_computation
-6,0,mwrank,1,0,,,,True,certified_by_independent_computation
-5,0,mwrank,1,0,,,,True,certified_by_independent_computation
-4,1,mwrank,1,2,2 5,5,0.559017,True,certified_by_independent_computation
-3,0,mwrank,1,0,,,,True,certified_by_independent_computation
-2,1,mwrank,1,1,3,3,0.866025,True,certified_by_independent_computation
-1,0,mwrank,2,1,1,1,1.000000,True,certified_by_independent_computation
1,0,mwrank,6,3,-1 0 2,2,1.414213,True,certified_by_independent_computation
2,1,mwrank,1,1,-1,-1,,True,certified_by_independent_computation
3,1,mwrank,1,1,1,1,0.333333,True,certified_by_independent_computation
4,0,mwrank,3,1,0,0,,True,certified_by_independent_computation
5,1,mwrank,1,1,-1,-1,,True,certified_by_independent_computation
6,0,mwrank,1,0,,,,True,certified_by_independent_computation
7,0,mwrank,1,0,,,,True,certified_by_independent_computation
8,1,mwrank,2,4,-2 1 2 46,46,0.847791,True,certified_by_independent_computation
9,1,mwrank,3,5,-2 0 3 6 40,40,0.702728,True,certified_by_independent_computation
10,1,mwrank,1,1,-1,-1,,True,certified_by_independent_computation
11,1,mwrank,1,0,,,,True,certified_by_independent_computation
12,1,mwrank,1,2,-2 13,13,0.300463,True,certified_by_independent_computation
13,0,mwrank,1,0,,,,True,certified_by_independent_computation
14,0,mwrank,1,0,,,,True,certified_by_independent_computation
15,2,mwrank,1,2,1 109,109,0.696020,True,certified_by_independent_computation
16,0,mwrank,3,1,0,0,,True,certified_by_independent_computation
17,2,mwrank,1,8,-2 -1 2 4 8 43 52 5234,5234,4.255670,True,certified_by_independent_computation
18,1,mwrank,1,1,7,7,0.146986,True,certified_by_independent_computation
19,1,mwrank,1,1,5,5,0.117688,True,certified_by_independent_computation
20,0,mwrank,1,0,,,,True,certified_by_independent_computation
21,0,mwrank,1,0,,,,True,certified_by_independent_computation
22,1,mwrank,1,1,3,3,0.078730,True,certified_by_independent_computation
23,0,mwrank,1,0,,,,True,certified_by_independent_computation
24,2,mwrank,1,4,-2 1 10 8158,8158,3.763402,True,certified_by_independent_computation
25,0,mwrank,3,1,0,0,,True,certified_by_independent_computation
26,1,mwrank,1,1,-1,-1,,True,certified_by_independent_computation
27,0,mwrank,2,1,-3,-3,,True,certified_by_independent_computation
28,1,mwrank,1,2,-3 2,2,0.050508,True,certified_by_independent_computation
29,0,mwrank,1,0,,,,True,certified_by_independent_computation
30,1,mwrank,1,1,19,19,0.145297,True,certified_by_independent_computation
31,1,mwrank,1,1,-3,-3,,True,certified_by_independent_computation
32,0,mwrank,1,0,,,,True,certified_by_independent_computation
33,1,mwrank,1,1,-2,-2,,True,certified_by_independent_computation
34,0,mwrank,1,0,,,,True,certified_by_independent_computation
35,1,mwrank,1,1,1,1,0.028571,True,certified_by_independent_computation
36,1,mwrank,3,4,-3 0 4 12,12,0.096225,True,certified_by_independent_computation
37,2,mwrank,1,3,-1 3 243,243,0.421310,True,certified_by_independent_computation
38,1,mwrank,1,1,11,11,0.087280,True,certified_by_independent_computation
39,1,mwrank,1,0,,,,True,certified_by_independent_computation
40,1,mwrank,1,1,6,6,0.061237,True,certified_by_independent_computation
41,1,mwrank,1,1,2,2,0.034493,True,certified_by_independent_computation
42,0,mwrank,1,0,,,,True,certified_by_independent_computation
43,2,mwrank,1,1,-3,-3,,True,certified_by_independent_computation
44,1,mwrank,1,2,-2 5,5,0.050820,True,certified_by_independent_computation
45,0,mwrank,1,0,,,,True,certified_by_independent_computation
46,1,mwrank,1,0,,,,True,certified_by_independent_computation
47,1,mwrank,1,0,,,,True,certified_by_independent_computation
48,1,mwrank,1,1,1,1,0.020833,True,certified_by_independent_computation
49,0,mwrank,3,1,0,0,,True,certified_by_independent_computation
50,1,mwrank,1,1,-1,-1,,True,certified_by_independent_computation
